City/Region,Attraction Name,Entrance Fee (KZT / USD),Opening Hours,Closed Days,Address,Google Maps Link,Distance from City Center (km / min),Parking / Shuttle Info,Top Photo Spots / Highlights,Short Description (for website),Seasonal Notes,Source / Verified Date
Bishkek,Ala-Too Square,Free,24/7,None,"Ala-Too Square, Bishkek",https://www.google.com/maps/search/?api=1&query=Ala%20Too%20Square%20Bishkek ,Central / 0–5 km,Street parking,State history museum frontage; statue,Central square and meeting place with monuments and views of the Ala-Too mountains.,Busy during events.,"Needs verification - Nov 03, 2025"
Bishkek,Osh Bazaar,Free,06:00–20:00,None,"Osh Bazaar, Bishkek",https://www.google.com/maps/search/?api=1&query=Osh%20Bazaar%20Bishkek ,1–5 km / 5–15 min,Bazaar parking,Spice stalls; produce; traditional goods,"Largest market in Bishkek offering local produce, textiles and souvenirs.",Best mornings for fresh produce.,"Needs verification - Nov 03, 2025"
Bishkek,Ala-Archa National Park,300 KGS / 0.64 USD,08:00–18:00,None,Ala-Archa National Park,https://www.google.com/maps/search/?api=1&query=Ala%20Archa%20National%20Park%20Bishkek ,40 km / 45–60 min,Park parking,Mountain trails; waterfalls; viewpoints,Mountain national park with hiking routes close to Bishkek.,Weather changes quickly; mountain gear recommended.,"Needs verification - Nov 03, 2025"
Bishkek,Burana Tower (Tokmok),200 KGS / 0.43 USD,09:00–18:00,None,"Burana Tower, Tokmok",https://www.google.com/maps/search/?api=1&query=Burana%20Tower%20Tokmok ,70 km / 1.5 h,Parking at site,Ancient minaret; hilltop views,Early medieval minaret and archaeological site near Bishkek.,Hot in summer; modest dress for mosque remains.,"Needs verification - Nov 03, 2025"
Bishkek,Victory Square,Free,24/7,None,Victory Square Bishkek,https://www.google.com/maps/search/?api=1&query=Victory%20Square%20Bishkek ,1–5 km / 5–15 min,Street parking,Monument; eternal flame,Commemorative monument with eternal flame and park area.,Often visited for memorial events.,"Needs verification - Nov 03, 2025"
Bishkek,Philharmonic Hall,Ticketed,Varies,Varies,"Philharmonic Hall, Bishkek",https://www.google.com/maps/search/?api=1&query=Philharmonic%20Hall%20Bishkek ,1–5 km / 5–15 min,Venue parking,Facade; concert interior,Cultural venue hosting concerts and performances.,Best mornings for fresh produce.,"Needs verification - Nov 03, 2025"
Bishkek,Panfilov Park,Free,08:00–20:00,None,Panfilov Park Bishkek,https://www.google.com/maps/search/?api=1&query=Panfilov%20Park%20Bishkek ,Central,Park parking,Park alleys; monuments,Central green space for relaxation and walks.,Weather changes quickly; mountain gear recommended.,"Needs verification - Nov 03, 2025"
Bishkek,State Historical Museum,100 KGS / 0.21 USD,10:00–17:00,Monday,State Historical Museum Bishkek,https://www.google.com/maps/search/?api=1&query=State%20Historical%20Museum%20Bishkek ,Central / few km,Museum parking,Exhibits on Kyrgyz history; displays,Main historical museum showcasing national history.,Hot in summer; modest dress for mosque remains.,"Needs verification - Nov 03, 2025"
Bishkek,Kyrgyz National Opera & Ballet Theatre,Ticketed,Varies by performance,Varies,"Opera Theatre, Bishkek",https://www.google.com/maps/search/?api=1&query=Kyrgyz%20National%20Opera%20and%20Ballet%20Theatre%20Bishkek ,Central,Theatre parking,Interior; performances,National opera and ballet house with regular performances.,Often visited for memorial events.,"Needs verification - Nov 03, 2025"
Bishkek,Dordoi Bazaar,Free,08:00–19:00,None,"Dordoi Bazaar, Bishkek",https://www.google.com/maps/search/?api=1&query=Dordoi%20Bazaar%20Bishkek ,10–15 km / 20–40 min,Large parking,Wholesale goods; stalls,Major wholesale market on outskirts of Bishkek.,Best mornings for fresh produce.,"Needs verification - Nov 03, 2025"